Location_ID,Location_Name,Location_Setting,Location_Description,County,Coordinate_System,Latitude_Decimal_Degrees,Longitude_Decimal_Degrees,Horizontal_Coordinates_Represent,Horizontal_Datum,Horizontal_Coordinate_Accuracy,Horizontal_Coordinate_Collection_Method,Paper_Map_Scale
"020Ki","Hidden Lake Beach, King","Lake/Pond/Reservoir","Hidden Lake Beach, King","King","LAT/LONG","47.752182","-122.369980","99","1","99","13","1"
"060Ki","Idylwood Beach, King","Lake/Pond/Reservoir","Idylwood Beach, King","King","LAT/LONG","47.641644","-122.099823","99","1","99","13","1"
"061Ki","Lake Sammamish Beach, King","Lake/Pond/Reservoir","Lake Sammamish Beach, King","King","LAT/LONG","47.556844","-122.070323","99","1","99","13","1"
"080Ki","Juanita Beach, King","Lake/Pond/Reservoir","Juanita Beach, King","King","LAT/LONG","47.704210","-122.214630","99","1","99","13","1"
"080Ki","Log Boom Park (Lake Washington), King","Lake/Pond/Reservoir","Log Boom Park (Lake Washington), King","King","LAT/LONG","47.757667","-122.264293","99","1","99","13","1"
"081Ki","Andrews Bay - Seward Park, King","Lake/Pond/Reservoir","Andrews Bay - Seward Park, King","King","LAT/LONG","47.551540","-122.256520","99","1","99","13","1"
"081Ki","Matthews Beach, King","Lake/Pond/Reservoir","Matthews Beach, King","King","LAT/LONG","47.695930","-122.271430","99","1","99","13","1"
"082Ki","Mount Baker Beach, King","Lake/Pond/Reservoir","Mount Baker Beach, King","King","LAT/LONG","47.583540","-122.286120","99","1","99","13","1"
"082Ki","Magnuson Beach Off Leash Area, King","Lake/Pond/Reservoir","Magnuson Beach Off Leash Area, King","King","LAT/LONG","47.685762","-122.247181","99","1","99","13","1"
"082Ki","Magnuson Beach, King","Lake/Pond/Reservoir","Magnuson Beach, King","King","LAT/LONG","47.680621","-122.245405","99","1","99","13","1"
"082Ki","Gene Coulon, King","Lake/Pond/Reservoir","Gene Coulon, King","King","LAT/LONG","47.504677","-122.201768","99","1","99","13","1"
"083Ki","Meydenbauer Bay Beach, King","Lake/Pond/Reservoir","Meydenbauer Bay Beach, King","King","LAT/LONG","47.610753","-122.211026","99","1","99","13","1"
"083Ki","Newcastle Beach, King","Lake/Pond/Reservoir","Newcastle Beach, King","King","LAT/LONG","47.565788","-122.190237","99","1","99","13","1"
"085Ki","Madison Park Beach, King","Lake/Pond/Reservoir","Madison Park Beach, King","King","LAT/LONG","47.635901","-122.275264","99","1","99","13","1"
"21AKi","Duck Island Launch (Green), King","Lake/Pond/Reservoir","Duck Island Launch (Green), King","King","LAT/LONG","47.680836","-122.342410","99","1","99","13","1"
"437Ki","John's Creek, King","Lake/Pond/Reservoir","John's Creek, King","King","LAT/LONG","47.504831","-122.201638","99","1","99","13","1"
"446Ki","Juanita Creek, King","Lake/Pond/Reservoir","Juanita Creek, King","King","LAT/LONG","47.707680","-122.212310","99","1","99","13","1"
"490Ki","Pritchard Island Beach, King","Lake/Pond/Reservoir","Pritchard Island Beach, King","King","LAT/LONG","47.529955","-122.261879","99","1","99","13","1"
"A42Ki","Houghton Beach, King","Lake/Pond/Reservoir","Houghton Beach, King","King","LAT/LONG","47.659622","-122.206266","99","1","99","13","1"
"A43Ki","Thornton Creek, King","Lake/Pond/Reservoir","Thornton Creek, King","King","LAT/LONG","47.696011","-122.276000","99","1","99","13","1"
"A62Ki","Idylwood Creek, King","Lake/Pond/Reservoir","Idylwood Creek, King","King","LAT/LONG","47.641653","-122.104460","99","1","99","13","1"
"A70Ki","Beaver Lake Beach, King","Lake/Pond/Reservoir","Beaver Lake Beach, King","King","LAT/LONG","47.587378","-122.002425","99","1","99","13","1"
"A73Ki","West Green Lake Beach, King","Lake/Pond/Reservoir","West Green Lake Beach, King","King","LAT/LONG","47.682170","-122.339330","99","1","99","13","1"
"A76Ki","Echo Lake Beach, King","Lake/Pond/Reservoir","Echo Lake Beach, King","King","LAT/LONG","47.772985","-122.340065","99","1","99","13","1"
"AbeGr","Aberdeen Lake, Grays Harbor","Lake/Pond/Reservoir","Aberdeen Lake, Grays Harbor","Grays Harbor","LAT/LONG","46.984114","-123.742328","99","1","99","13","1"
"AdmIs","Admirals Cove Lake, Island","Lake/Pond/Reservoir","Admirals Cove Lake, Island","Island","LAT/LONG","48.162515","-122.621698","99","1","99","13","1"
"AllKi","Allen Lake, King","Lake/Pond/Reservoir","Allen Lake, King","King","LAT/LONG","47.614637","-122.011064","99","1","99","13","1"
"AmeKi","Ames , King","Lake/Pond/Reservoir","Ames , King","King","LAT/LONG","47.640902","-121.959357","99","1","99","13","1"
"AmePi","American Lake, Pierce","Lake/Pond/Reservoir","American Lake, Pierce","Pierce","LAT/LONG","47.129861","-122.563016","99","1","99","13","1"
"AndJe","Anderson Lake, Jefferson","Lake/Pond/Reservoir","Anderson Lake, Jefferson","Jefferson","LAT/LONG","48.018852","-122.801244","99","1","99","13","1"
"ArbKi","Arbor Lake, King","Lake/Pond/Reservoir","Arbor Lake, King","King","LAT/LONG","47.492940","-122.329727","99","1","99","13","1"
"ArmSn","Lake Armstrong, Snohomish","Lake/Pond/Reservoir","Lake Armstrong, Snohomish","Snohomish","LAT/LONG","48.226467","-122.123941","99","1","99","13","1"
"ArrKi","Arrow Lake, King","Lake/Pond/Reservoir","Arrow Lake, King","King","LAT/LONG","47.426705","-122.338608","99","1","99","13","1"
"ArrKi","Lake Washington Arrowhead PT, King","Lake/Pond/Reservoir","Lake Washington Arrowhead PT, King","King","LAT/LONG","47.743452","-122.271641","99","1","99","13","1"
"BalSn","Lake Ballinger, Snohomish","Lake/Pond/Reservoir","Lake Ballinger, Snohomish","Snohomish","LAT/LONG","47.782250","-122.329280","99","1","99","13","1"
"BarYa","Bartch Pond, Yakima","Lake/Pond/Reservoir","Bartch Pond, Yakima","Yakima","LAT/LONG","46.543964","-120.640976","99","1","99","13","1"
"BayPi","Bay Lake, Pierce","Lake/Pond/Reservoir","Bay Lake, Pierce","Pierce","LAT/LONG","47.244207","-122.757943","99","1","99","13","1"
"BeaKi","Beaver Lake, King","Lake/Pond/Reservoir","Beaver Lake, King","King","LAT/LONG","47.590734","-121.996910","99","1","99","13","1"
"BelKi","Lake Bellevue, King","Lake/Pond/Reservoir","Lake Bellevue, King","King","LAT/LONG","","","99","1","99","13","1"
"BenSp","Ben Burr Pond, Spokane","Lake/Pond/Reservoir","Ben Burr Pond, Spokane","Spokane","LAT/LONG","47.605200","-117.352600","99","1","99","13","1"
"BenWa","Bennington Lake, Walla Walla","Lake/Pond/Reservoir","Bennington Lake, Walla Walla","Walla Walla","LAT/LONG","46.065703","-118.260431","99","1","99","13","1"
"BevGr","Columbia River, Beverly Island, Grant","Lake/Pond/Reservoir","Columbia River, Beverly Island, Grant","Grant","LAT/LONG","46.833300","-119.946900","99","1","99","13","1"
"BHPGr","Moses Lake, BH Park, Grant","Lake/Pond/Reservoir","Moses Lake, BH Park, Grant","Grant","LAT/LONG","47.105415","-119.326714","99","1","99","13","1"
"BigSk","Big Lake, Skagit","Lake/Pond/Reservoir","Big Lake, Skagit","Skagit","LAT/LONG","48.380996","-122.229424","99","1","99","13","1"
"BitKi","Bitter Lake, King","Lake/Pond/Reservoir","Bitter Lake, King","King","LAT/LONG","47.726490","-122.352240","99","1","99","13","1"
"BlaJe","Black Frog Pond, Jefferson","Lake/Pond/Reservoir","Black Frog Pond, Jefferson","Jefferson","LAT/LONG","","","99","1","99","13","1"
"BlaSn","Blackmans Lake, Snohomish","Lake/Pond/Reservoir","Blackmans Lake, Snohomish","Snohomish","LAT/LONG","47.932268","-122.094002","99","1","99","13","1"
"BlaSt","Black Lake, Stevens","Lake/Pond/Reservoir","Black Lake, Stevens","Stevens","LAT/LONG","48.561156","-117.626058","99","1","99","13","1"
"BlaTh","Black Lake, Thurston","Lake/Pond/Reservoir","Black Lake, Thurston","Thurston","LAT/LONG","46.992466","-122.977905","99","1","99","13","1"
"BluGr","Blue Lake, Grant","Lake/Pond/Reservoir","Blue Lake, Grant","Grant","LAT/LONG","47.562761","-119.451898","99","1","99","13","1"
"BlyGr","Blythe Lake, Grant","Lake/Pond/Reservoir","Blythe Lake, Grant","Grant","LAT/LONG","46.958675","-119.285897","99","1","99","13","1"
"BonPi","Bonney Lake, Pierce","Lake/Pond/Reservoir","Bonney Lake, Pierce","Pierce","LAT/LONG","47.189008","-122.185772","99","1","99","13","1"
"BorKi","Lake Boren, King","Lake/Pond/Reservoir","Lake Boren, King","King","LAT/LONG","47.533040","-122.165200","99","1","99","13","1"
"BosSn","Lake Bosworth, Snohomish","Lake/Pond/Reservoir","Lake Bosworth, Snohomish","Snohomish","LAT/LONG","48.043710","-121.971234","99","1","99","13","1"
"BrePi","Breseman Pond, Pierce","Lake/Pond/Reservoir","Breseman Pond, Pierce","Pierce","LAT/LONG","47.123915","-122.447958","99","1","99","13","1"
"BroLi","Browns Lake, Lincoln","Lake/Pond/Reservoir","Browns Lake, Lincoln","Lincoln","LAT/LONG","47.450475","-118.637966","99","1","99","13","1"
"BryCo","Lake Bryan, Columbia","Lake/Pond/Reservoir","Lake Bryan, Columbia","Columbia","LAT/LONG","46.588040","-118.013600","99","1","99","13","1"
"BurKi","Burien Lake, King","Lake/Pond/Reservoir","Burien Lake, King","King","LAT/LONG","47.464680","-122.353712","99","1","99","13","1"
"CamSk","Lake Campbell, Skagit","Lake/Pond/Reservoir","Lake Campbell, Skagit","Skagit","LAT/LONG","48.439700","-122.619000","99","1","99","13","1"
"CasGr","Cascade Park, Grant","Lake/Pond/Reservoir","Cascade Park, Grant","Grant","LAT/LONG","47.138906","-119.314950","99","1","99","13","1"
"CasSn","Lake Cassidy, Snohomish","Lake/Pond/Reservoir","Lake Cassidy, Snohomish","Snohomish","LAT/LONG","48.052034","-122.095196","99","1","99","13","1"
"CavSk","Lake Cavanaugh, Skagit","Lake/Pond/Reservoir","Lake Cavanaugh, Skagit","Skagit","LAT/LONG","48.321300","-122.009200","99","1","99","13","1"
"ChaKl","Chamberlain Lake, Klickitat","Lake/Pond/Reservoir","Chamberlain Lake, Klickitat","Klickitat","LAT/LONG","45.702369","-121.304044","99","1","99","13","1"
"ChaSn","Lake Chain, Snohomish","Lake/Pond/Reservoir","Lake Chain, Snohomish","Snohomish","LAT/LONG","47.903786","-121.970839","99","1","99","13","1"
"ChaSn","Lake Chaplain, Snohomish","Lake/Pond/Reservoir","Lake Chaplain, Snohomish","Snohomish","LAT/LONG","47.961110","-121.846627","99","1","99","13","1"
"CheCh","Lake Chelan, Chelan","Lake/Pond/Reservoir","Lake Chelan, Chelan","Chelan","LAT/LONG","48.049733","-120.340735","99","1","99","13","1"
"ChiJe","Chinese Garden, Jefferson","Lake/Pond/Reservoir","Chinese Garden, Jefferson","Jefferson","LAT/LONG","48.137790","-122.778750","99","1","99","13","1"
"ChiKi","Chico Creek, Kitsap","Lake/Pond/Reservoir","Chico Creek, Kitsap","Kitsap","LAT/LONG","47.602471","-122.705777","99","1","99","13","1"
"ChiPa","Chinook Water District Reservoir, Pacific","Lake/Pond/Reservoir","Chinook Water District Reservoir, Pacific","Pacific","LAT/LONG","46.287402","-123.923039","99","1","99","13","1"
"ClaPi","Clarks Creek Stormwater Retention Pond, Pierce","Lake/Pond/Reservoir","Clarks Creek Stormwater Retention Pond, Pierce","Pierce","LAT/LONG","47.188781","-122.322185","99","1","99","13","1"
"ClePi","Clear Lake, Pierce","Lake/Pond/Reservoir","Clear Lake, Pierce","Pierce","LAT/LONG","46.930448","-122.273679","99","1","99","13","1"
"CleSk","Clear Lake, Skagit","Lake/Pond/Reservoir","Clear Lake, Skagit","Skagit","LAT/LONG","48.459849","-122.225299","99","1","99","13","1"
"CleTh","Clear Lake, Thurston","Lake/Pond/Reservoir","Clear Lake, Thurston","Thurston","LAT/LONG","46.823090","-122.474100","99","1","99","13","1"
"CofLi","Coffeepot Lake, Lincoln","Lake/Pond/Reservoir","Coffeepot Lake, Lincoln","Lincoln","LAT/LONG","47.491721","-118.566601","99","1","99","13","1"
"CotKi","Cottage Lake, King","Lake/Pond/Reservoir","Cottage Lake, King","King","LAT/LONG","47.753212","-122.088289","99","1","99","13","1"
"CouGr","County Access, Grant","Lake/Pond/Reservoir","County Access, Grant","Grant","LAT/LONG","47.146206","-119.340553","99","1","99","13","1"
"CouGr","County Site, Grant","Lake/Pond/Reservoir","County Site, Grant","Grant","LAT/LONG","47.146206","-119.340553","99","1","99","13","1"
"CraIs","Cranberry Lake, Island","Lake/Pond/Reservoir","Cranberry Lake, Island","Island","LAT/LONG","48.394095","-122.655777","99","1","99","13","1"
"CraSn","Crabapple Lake, Snohomish","Lake/Pond/Reservoir","Crabapple Lake, Snohomish","Snohomish","LAT/LONG","","","99","1","99","13","1"
"CraSn","Crabapple Lake, Snohomish","Lake/Pond/Reservoir","Crabapple Lake, Snohomish","Snohomish","LAT/LONG","48.131886","-122.273064","99","1","99","13","1"
"CroJe","Crocker Lake, Jefferson","Lake/Pond/Reservoir","Crocker Lake, Jefferson","Jefferson","LAT/LONG","47.936522","-122.880781","99","1","99","13","1"
"CrySn","Crystal Lake, Snohomish","Lake/Pond/Reservoir","Crystal Lake, Snohomish","Snohomish","LAT/LONG","47.779270","-122.105209","99","1","99","13","1"
"CurKi","Curley Creek Mouth, Kitsap","Lake/Pond/Reservoir","Curley Creek Mouth, Kitsap","Kitsap","LAT/LONG","47.499191","-122.582338","99","1","99","13","1"
"DeCPi","DeCoursey Pond, Pierce","Lake/Pond/Reservoir","DeCoursey Pond, Pierce","Pierce","LAT/LONG","47.186860","-122.320000","99","1","99","13","1"
"DeeJe","Dee's Pond, Jefferson","Lake/Pond/Reservoir","Dee's Pond, Jefferson","Jefferson","LAT/LONG","48.075687","-122.857917","99","1","99","13","1"
"DeeSt","Deep Lake, Stevens","Lake/Pond/Reservoir","Deep Lake, Stevens","Stevens","LAT/LONG","48.860000","-117.604100","99","1","99","13","1"
"DeeTh","Deep Lake, Thurston","Lake/Pond/Reservoir","Deep Lake, Thurston","Thurston","LAT/LONG","46.907411","-122.912495","99","1","99","13","1"
"DesKi","Lake Desire, King","Lake/Pond/Reservoir","Lake Desire, King","King","LAT/LONG","47.441263","-122.106392","99","1","99","13","1"
"DiaPe","Diamond Lake, Pend Oreille","Lake/Pond/Reservoir","Diamond Lake, Pend Oreille","Pend Oreille","LAT/LONG","48.120744","-117.207899","99","1","99","13","1"
"DolKi","Lake Dolloff, King","Lake/Pond/Reservoir","Lake Dolloff, King","King","LAT/LONG","47.325422","-122.286272","99","1","99","13","1"
"DucGr","Duck Lake, Grays Harbor","Lake/Pond/Reservoir","Duck Lake, Grays Harbor","Grays Harbor","LAT/LONG","46.978786","-122.145385","99","1","99","13","1"
"E70Ki","Pine Lake Beach, King","Lake/Pond/Reservoir","Pine Lake Beach, King","King","LAT/LONG","47.587371","-122.039770","99","1","99","13","1"
"EasKi","Easter Lake, King","Lake/Pond/Reservoir","Easter Lake, King","King","LAT/LONG","47.323909","-122.318357","99","1","99","13","1"
"EchKi","Echo Lake, King","Lake/Pond/Reservoir","Echo Lake, King","King","LAT/LONG","47.771421","-122.343185","99","1","99","13","1"
"EisIs","Eisenman Pond, Island","Lake/Pond/Reservoir","Eisenman Pond, Island","Island","LAT/LONG","48.240484","-122.711524","99","1","99","13","1"
"ENAKi","Enatai Beach, King","Lake/Pond/Reservoir","Enatai Beach, King","King","LAT/LONG","47.578830","-122.197030","99","1","99","13","1"
"EriSk","Lake Erie, Skagit","Lake/Pond/Reservoir","Lake Erie, Skagit","Skagit","LAT/LONG","48.452709","-122.640714","99","1","99","13","1"
"FakGr","Fake Lake, Grays Harbor","Lake/Pond/Reservoir","Fake Lake, Grays Harbor","Grays Harbor","LAT/LONG","46.872356","-124.107036","99","1","99","13","1"
"FawMa","Fawn Lake, Mason","Lake/Pond/Reservoir","Fawn Lake, Mason","Mason","LAT/LONG","47.165084","-123.075305","99","1","99","13","1"
"FazWh","Lake Fazon, Whatcom","Lake/Pond/Reservoir","Lake Fazon, Whatcom","Whatcom","LAT/LONG","48.865992","-122.367787","99","1","99","13","1"
"FenKi","Lake Fenwick, King","Lake/Pond/Reservoir","Lake Fenwick, King","King","LAT/LONG","47.366370","-122.271069","99","1","99","13","1"
"FioKi","Fiorito Pond, Kittitas","Lake/Pond/Reservoir","Fiorito Pond, Kittitas","Kittitas","LAT/LONG","46.940226","-120.504759","99","1","99","13","1"
"FirKi","Fire Train Pond, King","Lake/Pond/Reservoir","Fire Train Pond, King","King","LAT/LONG","47.452982","-121.661115","99","1","99","13","1"
"FisCh","Fish Lake, Chelan","Lake/Pond/Reservoir","Fish Lake, Chelan","Chelan","LAT/LONG","47.835594","-120.703665","99","1","99","13","1"
"FisLi","Fishtrap Lake, Lincoln","Lake/Pond/Reservoir","Fishtrap Lake, Lincoln","Lincoln","LAT/LONG","47.337181","-117.833582","99","1","99","13","1"
"FloPi","Florence Lake, Pierce","Lake/Pond/Reservoir","Florence Lake, Pierce","Pierce","LAT/LONG","47.167524","-122.687004","99","1","99","13","1"
"FloSn","Flowing Lake, Snohomish","Lake/Pond/Reservoir","Flowing Lake, Snohomish","Snohomish","LAT/LONG","47.947887","-121.987321","99","1","99","13","1"
"FreKi","French Lake, King","Lake/Pond/Reservoir","French Lake, King","King","LAT/LONG","47.317120","-122.336800","99","1","99","13","1"
"GenKi","Lake Geneva, King","Lake/Pond/Reservoir","Lake Geneva, King","King","LAT/LONG","47.291529","-122.281313","99","1","99","13","1"
"GibJe","Gibbs Lake, Jefferson","Lake/Pond/Reservoir","Gibbs Lake, Jefferson","Jefferson","LAT/LONG","47.972126","-122.814383","99","1","99","13","1"
"GosIs","Lake Goss, Island","Lake/Pond/Reservoir","Lake Goss, Island","Island","LAT/LONG","48.036732","-122.479688","99","1","99","13","1"
"GraPi","Gravelly Lake, Pierce","Lake/Pond/Reservoir","Gravelly Lake, Pierce","Pierce","LAT/LONG","47.147641","-122.530947","99","1","99","13","1"
"GraTh","Grass Lake, Thurston","Lake/Pond/Reservoir","Grass Lake, Thurston","Thurston","LAT/LONG","","","99","1","99","13","1"
"GraWa","Graybill Pond, Walla Walla","Lake/Pond/Reservoir","Graybill Pond, Walla Walla","Walla Walla","LAT/LONG","46.041800","-118.309130","99","1","99","13","1"
"GreKi","Green Lake , King","Lake/Pond/Reservoir","Green Lake , King","King","LAT/LONG","47.678510","-122.337900","99","1","99","13","1"
"GROKi","Groveland Park Beach, King","Lake/Pond/Reservoir","Groveland Park Beach, King","King","LAT/LONG","47.551320","-122.234420","99","1","99","13","1"
"HalKi","Haller Lake, King","Lake/Pond/Reservoir","Haller Lake, King","King","LAT/LONG","47.719976","-122.333692","99","1","99","13","1"
"HamDo","Hammond Lake, Douglas","Lake/Pond/Reservoir","Hammond Lake, Douglas","Douglas","LAT/LONG","47.369506","-120.123926","99","1","99","13","1"
"HarPi","Harts Lake, Pierce","Lake/Pond/Reservoir","Harts Lake, Pierce","Pierce","LAT/LONG","46.893296","-122.469339","99","1","99","13","1"
"HawTh","Hawks Prairie Golf Course, Thurston","Lake/Pond/Reservoir","Hawks Prairie Golf Course, Thurston","Thurston","LAT/LONG","47.095553","-122.772205","99","1","99","13","1"
"HeaSk","Heart Lake, Skagit","Lake/Pond/Reservoir","Heart Lake, Skagit","Skagit","LAT/LONG","48.476140","-122.630550","99","1","99","13","1"
"HewTh","Hewitt Lake, Thurston","Lake/Pond/Reservoir","Hewitt Lake, Thurston","Thurston","LAT/LONG","47.002140","-122.869618","99","1","99","13","1"
"HicKi","Hicklin Lake, King","Lake/Pond/Reservoir","Hicklin Lake, King","King","LAT/LONG","47.503212","-122.344818","99","1","99","13","1"
"HicTh","Hicks Lake, Thurston","Lake/Pond/Reservoir","Hicks Lake, Thurston","Thurston","LAT/LONG","47.021766","-122.798271","99","1","99","13","1"
"HidPi","Hideaway Lake, Pierce","Lake/Pond/Reservoir","Hideaway Lake, Pierce","Pierce","LAT/LONG","47.301585","-122.605941","99","1","99","13","1"
"HoaWh","Hoag Pond, Whatcom","Lake/Pond/Reservoir","Hoag Pond, Whatcom","Whatcom","LAT/LONG","48.708001","-122.482461","99","1","99","13","1"
"HogSp","Hog Lake, Spokane","Lake/Pond/Reservoir","Hog Lake, Spokane","Spokane","LAT/LONG","47.376991","-117.802387","99","1","99","13","1"
"HonIs","Honeymoon Lake, Island","Lake/Pond/Reservoir","Honeymoon Lake, Island","Island","LAT/LONG","48.051258","-122.552715","99","1","99","13","1"
"HorCo","Horseshoe Lake, Cowlitz","Lake/Pond/Reservoir","Horseshoe Lake, Cowlitz","Cowlitz","LAT/LONG","45.896164","-122.744503","99","1","99","13","1"
"HorKi","Horseshoe Lake, Kitsap","Lake/Pond/Reservoir","Horseshoe Lake, Kitsap","Kitsap","LAT/LONG","47.408222","-122.664338","99","1","99","13","1"
"HorKl","Horsethief Lake, Klickitat","Lake/Pond/Reservoir","Horsethief Lake, Klickitat","Klickitat","LAT/LONG","45.646233","-121.102642","99","1","99","13","1"
"HorTh","Horseshoe Lake, Thurston","Lake/Pond/Reservoir","Horseshoe Lake, Thurston","Thurston","LAT/LONG","46.702181","-122.982344","99","1","99","13","1"
"HowSn","Howard Lake, Snohomish","Lake/Pond/Reservoir","Howard Lake, Snohomish","Snohomish","LAT/LONG","48.156440","-122.326090","99","1","99","13","1"
"I-9Ki","I-90 Pond, King","Lake/Pond/Reservoir","I-90 Pond, King","King","LAT/LONG","","","99","1","99","13","1"
"IrrCl","Irrigation Culvert, Clallam","Lake/Pond/Reservoir","Irrigation Culvert, Clallam","Clallam","LAT/LONG","48.079700","-123.214350","99","1","99","13","1"
"IslKi","Island Lake, Kitsap","Lake/Pond/Reservoir","Island Lake, Kitsap","Kitsap","LAT/LONG","47.682224","-122.659794","99","1","99","13","1"
"JamDo","Jameson Lake, Douglas","Lake/Pond/Reservoir","Jameson Lake, Douglas","Douglas","LAT/LONG","47.686328","-119.624342","99","1","99","13","1"
"JeaJe","Jean Rice's Pond, Jefferson","Lake/Pond/Reservoir","Jean Rice's Pond, Jefferson","Jefferson","LAT/LONG","48.072040","-122.842880","99","1","99","13","1"
"JeaKi","Lake Jeane, King","Lake/Pond/Reservoir","Lake Jeane, King","King","LAT/LONG","47.311181","-122.382043","99","1","99","13","1"
"JoeKi","Joe's Creek, King","Lake/Pond/Reservoir","Joe's Creek, King","King","LAT/LONG","47.312903","-122.377428","99","1","99","13","1"
"KalJe","Kalaloch Creek Intake, Jefferson","Lake/Pond/Reservoir","Kalaloch Creek Intake, Jefferson","Jefferson","LAT/LONG","47.604889","-124.368093","99","1","99","13","1"
"KatKi","Lake Kathleen, King","Lake/Pond/Reservoir","Lake Kathleen, King","King","LAT/LONG","47.478139","-122.088101","99","1","99","13","1"
"KenIs","Kennedy Lagoon, Island","Lake/Pond/Reservoir","Kennedy Lagoon, Island","Island","LAT/LONG","48.226910","-122.735464","99","1","99","13","1"
"KenTh","Kennedy Creek, Thurston","Lake/Pond/Reservoir","Kennedy Creek, Thurston","Thurston","LAT/LONG","47.095356","-123.090703","99","1","99","13","1"
"KetSn","Lake Ketchum, Snohomish","Lake/Pond/Reservoir","Lake Ketchum, Snohomish","Snohomish","LAT/LONG","48.282224","-122.345157","99","1","99","13","1"
"KilKi","Lake Killarney, King","Lake/Pond/Reservoir","Lake Killarney, King","King","LAT/LONG","47.286606","-122.290891","99","1","99","13","1"
"KitKi","Kitsap Creek, Kitsap","Lake/Pond/Reservoir","Kitsap Creek, Kitsap","Kitsap","LAT/LONG","47.579060","-122.711671","99","1","99","13","1"
"KitKi","Kitsap Lake, Kitsap","Lake/Pond/Reservoir","Kitsap Lake, Kitsap","Kitsap","LAT/LONG","47.572437","-122.705140","99","1","99","13","1"
"KNYKi","Kennydale Beach, King","Lake/Pond/Reservoir","Kennydale Beach, King","King","LAT/LONG","47.523200","-122.207800","99","1","99","13","1"
"LacCl","Lacamas Lake, Clark","Lake/Pond/Reservoir","Lacamas Lake, Clark","Clark","LAT/LONG","45.616562","-122.425293","99","1","99","13","1"
"LakKi","Lakes at Kent, King","Lake/Pond/Reservoir","Lakes at Kent, King","King","LAT/LONG","","","99","1","99","13","1"
"LakPi","Lake 14, Pierce","Lake/Pond/Reservoir","Lake 14, Pierce","Pierce","LAT/LONG","","","99","1","99","13","1"
"LakSk","Lake Sixteen, Skagit","Lake/Pond/Reservoir","Lake Sixteen, Skagit","Skagit","LAT/LONG","48.344330","-122.289140","99","1","99","13","1"
"Lan","Lanhams Pond","Lake/Pond/Reservoir","Lanhams Pond","","LAT/LONG","47.904200","-117.938400","99","1","99","13","1"
"LawTh","Lake Lawrence, Thurston","Lake/Pond/Reservoir","Lake Lawrence, Thurston","Thurston","LAT/LONG","46.852041","-122.571019","99","1","99","13","1"
"LelJe","Leland Lake, Jefferson","Lake/Pond/Reservoir","Leland Lake, Jefferson","Jefferson","LAT/LONG","47.895084","-122.882330","99","1","99","13","1"
"LibSp","Liberty Lake, Spokane","Lake/Pond/Reservoir","Liberty Lake, Spokane","Spokane","LAT/LONG","47.645152","-117.078058","99","1","99","13","1"
"LinGr","Lind Coulee, Grant","Lake/Pond/Reservoir","Lind Coulee, Grant","Grant","LAT/LONG","46.989433","-119.220230","99","1","99","13","1"
"LinGr","Lind Coulee #1, Grant","Lake/Pond/Reservoir","Lind Coulee #1, Grant","Grant","LAT/LONG","46.987625","-119.231300","99","1","99","13","1"
"LinGr","Lind Coulee A, Grant","Lake/Pond/Reservoir","Lind Coulee A, Grant","Grant","LAT/LONG","46.988892","-119.219849","99","1","99","13","1"
"LinGr","Lind Coulee B, Grant","Lake/Pond/Reservoir","Lind Coulee B, Grant","Grant","LAT/LONG","46.985058","-119.241104","99","1","99","13","1"
"LitSk","Little Cranberry Lake, Skagit","Lake/Pond/Reservoir","Little Cranberry Lake, Skagit","Skagit","LAT/LONG","48.493633","-122.644039","99","1","99","13","1"
"LomSn","Lake Loma, Snohomish","Lake/Pond/Reservoir","Lake Loma, Snohomish","Snohomish","LAT/LONG","48.133867","-122.252617","99","1","99","13","1"
"LonIs","Lone Lake, Island","Lake/Pond/Reservoir","Lone Lake, Island","Island","LAT/LONG","48.021125","-122.461805","99","1","99","13","1"
"LonKi","Long Lake, Kitsap","Lake/Pond/Reservoir","Long Lake, Kitsap","Kitsap","LAT/LONG","47.483154","-122.589828","99","1","99","13","1"
"LonTh","Long Lake, Thurston","Lake/Pond/Reservoir","Long Lake, Thurston","Thurston","LAT/LONG","47.019149","-122.774760","99","1","99","13","1"
"LorKi","Lake Lorene, King","Lake/Pond/Reservoir","Lake Lorene, King","King","LAT/LONG","47.311916","-122.387678","99","1","99","13","1"
"LosMa","Lost Lake, Mason","Lake/Pond/Reservoir","Lost Lake, Mason","Mason","LAT/LONG","","","99","1","99","13","1"
"LosSn","Lost Lake, Snohomish","Lake/Pond/Reservoir","Lost Lake, Snohomish","Snohomish","LAT/LONG","47.800660","-122.042770","99","1","99","13","1"
"LouPi","Lake Louise, Pierce","Lake/Pond/Reservoir","Lake Louise, Pierce","Pierce","LAT/LONG","47.161861","-122.567971","99","1","99","13","1"
"LysMa","Lystair (Star) Lake, Mason","Lake/Pond/Reservoir","Lystair (Star) Lake, Mason","Mason","LAT/LONG","47.153787","-123.333604","99","1","99","13","1"
"MalCh","Columbia River, Malaga, Chelan","Lake/Pond/Reservoir","Columbia River, Malaga, Chelan","Chelan","LAT/LONG","47.374993","-120.200605","99","1","99","13","1"
"MalKi","Mallard Lake, King","Lake/Pond/Reservoir","Mallard Lake, King","King","LAT/LONG","47.509651","-122.350863","99","1","99","13","1"
"MarGr","Potholes, Mardon Park, Grant","Lake/Pond/Reservoir","Potholes, Mardon Park, Grant","Grant","LAT/LONG","46.966750","-119.324544","99","1","99","13","1"
"MarKi","Martha John Creek, Kitsap","Lake/Pond/Reservoir","Martha John Creek, Kitsap","Kitsap","LAT/LONG","47.823120","-122.564390","99","1","99","13","1"
"MarKi","Lake Marcel, King","Lake/Pond/Reservoir","Lake Marcel, King","King","LAT/LONG","47.694967","-121.916775","99","1","99","13","1"
"MARKi","Marina Park Beach, King","Lake/Pond/Reservoir","Marina Park Beach, King","King","LAT/LONG","47.675236","-122.208340","99","1","99","13","1"
"MarKi","Margaret Lake, King","Lake/Pond/Reservoir","Margaret Lake, King","King","LAT/LONG","","","99","1","99","13","1"
"MarSn","Martha Lake N, Snohomish","Lake/Pond/Reservoir","Martha Lake N, Snohomish","Snohomish","LAT/LONG","48.167630","-122.338530","99","1","99","13","1"
"MasMa","Mason Lake, Mason","Lake/Pond/Reservoir","Mason Lake, Mason","Mason","LAT/LONG","47.336000","-122.958000","99","1","99","13","1"
"MayPi","Mayo Creek, Pierce","Lake/Pond/Reservoir","Mayo Creek, Pierce","Pierce","LAT/LONG","47.256536","-122.755843","99","1","99","13","1"
"MayPi","Mayo Cove, Pierce","Lake/Pond/Reservoir","Mayo Cove, Pierce","Pierce","LAT/LONG","47.250536","-122.752790","99","1","99","13","1"
"McDKi","Lake McDonald, King","Lake/Pond/Reservoir","Lake McDonald, King","King","LAT/LONG","47.471618","-122.077163","99","1","99","13","1"
"McITh","McIntosh Lake, Thurston","Lake/Pond/Reservoir","McIntosh Lake, Thurston","Thurston","LAT/LONG","46.866913","-122.766494","99","1","99","13","1"
"McMSk","Lake McMurray, Skagit","Lake/Pond/Reservoir","Lake McMurray, Skagit","Skagit","LAT/LONG","48.316082","-122.227445","99","1","99","13","1"
"MedGr","Potholes, Medicine 1, Grant","Lake/Pond/Reservoir","Potholes, Medicine 1, Grant","Grant","LAT/LONG","46.992554","-119.271248","99","1","99","13","1"
"MedKi","Medina Park North Pond, King","Lake/Pond/Reservoir","Medina Park North Pond, King","King","LAT/LONG","47.620665","-122.231084","99","1","99","13","1"
"MedSp","Medical Lake, Spokane","Lake/Pond/Reservoir","Medical Lake, Spokane","Spokane","LAT/LONG","47.570378","-117.688363","99","1","99","13","1"
"MilJe","Miller's Pond, Jefferson","Lake/Pond/Reservoir","Miller's Pond, Jefferson","Jefferson","LAT/LONG","","","99","1","99","13","1"
"MisKi","Mission Lake, Kitsap","Lake/Pond/Reservoir","Mission Lake, Kitsap","Kitsap","LAT/LONG","47.532946","-122.826349","99","1","99","13","1"
"MonGr","Moses Lake, Montlake, Grant","Lake/Pond/Reservoir","Moses Lake, Montlake, Grant","Grant","LAT/LONG","47.108583","-119.284853","99","1","99","13","1"
"MorKi","Lake Morton, King","Lake/Pond/Reservoir","Lake Morton, King","King","LAT/LONG","47.323983","-122.084061","99","1","99","13","1"
"MorPi","Morey Creek, Pierce","Lake/Pond/Reservoir","Morey Creek, Pierce","Pierce","LAT/LONG","47.120979","-122.446629","99","1","99","13","1"
"MosGr","Moses Lake, Grant","Lake/Pond/Reservoir","Moses Lake, Grant","Grant","LAT/LONG","47.136771","-119.342102","99","1","99","13","1"
"MosGr","Moses Lake South, Grant","Lake/Pond/Reservoir","Moses Lake South, Grant","Grant","LAT/LONG","47.063465","-119.322906","99","1","99","13","1"
"MunTh","Munn Lake, Thurston County","Lake/Pond/Reservoir","Munn Lake, Thurston County","Thurston County","LAT/LONG","46.985028","-122.879393","99","1","99","13","1"
"NahMa","Nahwatzel Lake, Mason","Lake/Pond/Reservoir","Nahwatzel Lake, Mason","Mason","LAT/LONG","","","99","1","99","13","1"
"NEECL","LAKE NEED, CLARK","Lake/Pond/Reservoir","LAKE NEED, CLARK","CLARK","LAT/LONG","","","99","1","99","13","1"
"NewSp","Newman Lake, Spokane","Lake/Pond/Reservoir","Newman Lake, Spokane","Spokane","LAT/LONG","47.777189","-117.100543","99","1","99","13","1"
"NorFe","North Twin Lake, Ferry","Lake/Pond/Reservoir","North Twin Lake, Ferry","Ferry","LAT/LONG","48.287705","-118.380789","99","1","99","13","1"
"NorKi","North Lake, Kitsap","Lake/Pond/Reservoir","North Lake, Kitsap","Kitsap","LAT/LONG","47.498258","-122.689863","99","1","99","13","1"
"NorKi","North Lake, King","Lake/Pond/Reservoir","North Lake, King","King","LAT/LONG","47.306590","-122.288900","99","1","99","13","1"
"NorPi","Northshore PArkway Apartment Ponds, Pierce","Lake/Pond/Reservoir","Northshore PArkway Apartment Ponds, Pierce","Pierce","LAT/LONG","47.298858","-122.389718","99","1","99","13","1"
"O'SGr","Potholes, O'Sullivan, Grant","Lake/Pond/Reservoir","Potholes, O'Sullivan, Grant","Grant","LAT/LONG","46.997231","-119.282249","99","1","99","13","1"
"O71Ki","Lake Wilderness Beach, King","Lake/Pond/Reservoir","Lake Wilderness Beach, King","King","LAT/LONG","47.376946","-122.038853","99","1","99","13","1"
"OffTh","Offutt Lake, Thurston","Lake/Pond/Reservoir","Offutt Lake, Thurston","Thurston","LAT/LONG","46.916570","-122.828530","99","1","99","13","1"
"OhoPi","Ohop Lake, Pierce","Lake/Pond/Reservoir","Ohop Lake, Pierce","Pierce","LAT/LONG","46.898068","-122.276993","99","1","99","13","1"
"OttSp","Otter Lake, Spokane","Lake/Pond/Reservoir","Otter Lake, Spokane","Spokane","LAT/LONG","47.555200","-117.680120","99","1","99","13","1"
"OwhOk","Owhi Lake, Okanogan","Lake/Pond/Reservoir","Owhi Lake, Okanogan","Okanogan","LAT/LONG","48.232991","-118.898797","99","1","99","13","1"
"PacKi","Pacific Science Center, King","Lake/Pond/Reservoir","Pacific Science Center, King","King","LAT/LONG","","","99","1","99","13","1"
"PadWh","Lake Padden, Whatcom","Lake/Pond/Reservoir","Lake Padden, Whatcom","Whatcom","LAT/LONG","48.702904","-122.453363","99","1","99","13","1"
"PalPi","Palmer Lake, Pierce","Lake/Pond/Reservoir","Palmer Lake, Pierce","Pierce","LAT/LONG","47.237668","-122.796654","99","1","99","13","1"
"PalWh","Palouse River, Whitman","Lake/Pond/Reservoir","Palouse River, Whitman","Whitman","LAT/LONG","46.897253","-117.356687","99","1","99","13","1"
"PanSn","Panther Lake, Snohomish","Lake/Pond/Reservoir","Panther Lake, Snohomish","Snohomish","LAT/LONG","47.948799","-122.005730","99","1","99","13","1"
"ParPi","Parklank Well, Pierce","Lake/Pond/Reservoir","Parklank Well, Pierce","Pierce","LAT/LONG","47.142217","-122.460126","99","1","99","13","1"
"PasSk","Pass Lake, Skagit","Lake/Pond/Reservoir","Pass Lake, Skagit","Skagit","LAT/LONG","48.420120","-122.635960","99","1","99","13","1"
"PatDo","Lake Pateros, Douglas","Lake/Pond/Reservoir","Lake Pateros, Douglas","Douglas","LAT/LONG","48.091600","-119.759970","99","1","99","13","1"
"PatOk","Patterson Lake, Okanogan","Lake/Pond/Reservoir","Patterson Lake, Okanogan","Okanogan","LAT/LONG","48.304168","-119.495266","99","1","99","13","1"
"PatTh","Pattison Lake, Thurston","Lake/Pond/Reservoir","Pattison Lake, Thurston","Thurston","LAT/LONG","46.995272","-122.777507","99","1","99","13","1"
"PeaOk","Pearrygin Lake, Okanogan","Lake/Pond/Reservoir","Pearrygin Lake, Okanogan","Okanogan","LAT/LONG","48.486780","-120.150356","99","1","99","13","1"
"PebKi","Pebble Pond, Kitsap","Lake/Pond/Reservoir","Pebble Pond, Kitsap","Kitsap","LAT/LONG","47.740770","-122.552666","99","1","99","13","1"
"PhaKi","Phantom Lake, King","Lake/Pond/Reservoir","Phantom Lake, King","King","LAT/LONG","47.593301","-122.124654","99","1","99","13","1"
"PinKi","Pine Lake, King","Lake/Pond/Reservoir","Pine Lake, King","King","LAT/LONG","47.587651","-122.044850","99","1","99","13","1"
"PioPi","Pioneer Place, Pierce","Lake/Pond/Reservoir","Pioneer Place, Pierce","Pierce","LAT/LONG","","","99","1","99","13","1"
"PleCl","Lake Pleasant, Clallam","Lake/Pond/Reservoir","Lake Pleasant, Clallam","Clallam","LAT/LONG","48.067500","-124.327500","99","1","99","13","1"
"PotGr","Potholes #4, Grant","Lake/Pond/Reservoir","Potholes #4, Grant","Grant","LAT/LONG","","","99","1","99","13","1"
"PotGr","Potholes #5, Grant","Lake/Pond/Reservoir","Potholes #5, Grant","Grant","LAT/LONG","","","99","1","99","13","1"
"PotGr","Potholes #2, Grant","Lake/Pond/Reservoir","Potholes #2, Grant","Grant","LAT/LONG","46.985058","-119.241104","99","1","99","13","1"
"PotGr","Potholes Reservoir, Grant","Lake/Pond/Reservoir","Potholes Reservoir, Grant","Grant","LAT/LONG","47.012582","-119.343628","99","1","99","13","1"
"PriTh","Private Pond, Thurston","Lake/Pond/Reservoir","Private Pond, Thurston","Thurston","LAT/LONG","","","99","1","99","13","1"
"QuiKi","Quilomene Cove, Kittitas","Lake/Pond/Reservoir","Quilomene Cove, Kittitas","Kittitas","LAT/LONG","47.112791","-120.027206","99","1","99","13","1"
"RapPi","Rapjohn Lake, Pierce","Lake/Pond/Reservoir","Rapjohn Lake, Pierce","Pierce","LAT/LONG","46.905341","-122.342291","99","1","99","13","1"
"RefSp","Reflection Lake, Spokane","Lake/Pond/Reservoir","Reflection Lake, Spokane","Spokane","LAT/LONG","47.997406","-117.284524","99","1","99","13","1"
"RoeSn","Lake Roesiger, Snohomish","Lake/Pond/Reservoir","Lake Roesiger, Snohomish","Snohomish","LAT/LONG","47.987219","-121.920798","99","1","99","13","1"
"RooOk","Lake Roosevelt, Okanogan","Lake/Pond/Reservoir","Lake Roosevelt, Okanogan","Okanogan","LAT/LONG","","","99","1","99","13","1"
"RouCl","Round Lake, Clark","Lake/Pond/Reservoir","Round Lake, Clark","Clark","LAT/LONG","45.730463","-122.749907","99","1","99","13","1"
"RowKl","Rowland Lake, Klickitat","Lake/Pond/Reservoir","Rowland Lake, Klickitat","Klickitat","LAT/LONG","45.708484","-121.381188","99","1","99","13","1"
"RufDo","Rufus Woods Lake, Douglas","Lake/Pond/Reservoir","Rufus Woods Lake, Douglas","Douglas","LAT/LONG","48.039100","-119.562000","99","1","99","13","1"
"SacCo","Lake Sacajawea, Cowlitz","Lake/Pond/Reservoir","Lake Sacajawea, Cowlitz","Cowlitz","LAT/LONG","","","99","1","99","13","1"
"SAMKi","Sammamish Landing Beach, King","Lake/Pond/Reservoir","Sammamish Landing Beach, King","King","LAT/LONG","47.648590","-122.688430","99","1","99","13","1"
"SamKi","Lake Sammamish, King","Lake/Pond/Reservoir","Lake Sammamish, King","King","LAT/LONG","47.602343","-122.088675","99","1","99","13","1"
"SanJe","Sandy Shore Lake, Jefferson","Lake/Pond/Reservoir","Sandy Shore Lake, Jefferson","Jefferson","LAT/LONG","47.890813","-122.767618","99","1","99","13","1"
"SawKi","Lake Sawyer, King","Lake/Pond/Reservoir","Lake Sawyer, King","King","LAT/LONG","47.333289","-122.037608","99","1","99","13","1"
"SBAKi","East Beach Green Lake, King","Lake/Pond/Reservoir","East Beach Green Lake, King","King","LAT/LONG","47.680183","-122.329674","99","1","99","13","1"
"ScoFr","Scootney Reservoir, Franklin","Lake/Pond/Reservoir","Scootney Reservoir, Franklin","Franklin","LAT/LONG","46.704229","-119.028191","99","1","99","13","1"
"ScoTh","Scott Lake, Thurston","Lake/Pond/Reservoir","Scott Lake, Thurston","Thurston","LAT/LONG","46.919030","-122.931858","99","1","99","13","1"
"SD0Ki","Madrona Beach, King","Lake/Pond/Reservoir","Madrona Beach, King","King","LAT/LONG","47.608958","-122.281373","99","1","99","13","1"
"SD0Ki","Luther Burbank Beach, King","Lake/Pond/Reservoir","Luther Burbank Beach, King","King","LAT/LONG","47.588040","-122.223017","99","1","99","13","1"
"ShaKi","Shadow Lake, King","Lake/Pond/Reservoir","Shadow Lake, King","King","LAT/LONG","47.405695","-122.086397","99","1","99","13","1"
"SheSp","Shelley Lake, Spokane","Lake/Pond/Reservoir","Shelley Lake, Spokane","Spokane","LAT/LONG","47.652210","-117.184600","99","1","99","13","1"
"SilCo","Silver Lake, Cowlitz","Lake/Pond/Reservoir","Silver Lake, Cowlitz","Cowlitz","LAT/LONG","46.293019","-122.789606","99","1","99","13","1"
"SilJe","Silent Lake, Jefferson","Lake/Pond/Reservoir","Silent Lake, Jefferson","Jefferson","LAT/LONG","47.790192","-122.770777","99","1","99","13","1"
"SilPi","Silver Lake, Pierce","Lake/Pond/Reservoir","Silver Lake, Pierce","Pierce","LAT/LONG","46.884853","-122.365583","99","1","99","13","1"
"SolCl","Solmar Lake, Clallam","Lake/Pond/Reservoir","Solmar Lake, Clallam","Clallam","LAT/LONG","48.093737","-123.226270","99","1","99","13","1"
"SolJe","Solstice Farm, Jefferson","Lake/Pond/Reservoir","Solstice Farm, Jefferson","Jefferson","LAT/LONG","47.979060","-122.741900","99","1","99","13","1"
"SouLe","South County Pond, Lewis","Lake/Pond/Reservoir","South County Pond, Lewis","Lewis","LAT/LONG","46.432800","-122.842200","99","1","99","13","1"
"SpaPi","Spanaway Lake, Pierce","Lake/Pond/Reservoir","Spanaway Lake, Pierce","Pierce","LAT/LONG","47.110133","-122.448058","99","1","99","13","1"
"SpeKl","Spearfish Lake, Klickitat","Lake/Pond/Reservoir","Spearfish Lake, Klickitat","Klickitat","LAT/LONG","45.628160","-121.130800","99","1","99","13","1"
"SpeMa","Spencer Lake, Mason","Lake/Pond/Reservoir","Spencer Lake, Mason","Mason","LAT/LONG","47.265714","-122.959174","99","1","99","13","1"
"SpoSp","Lake Spokane, Spokane","Lake/Pond/Reservoir","Lake Spokane, Spokane","Spokane","LAT/LONG","47.805114","-117.599451","99","1","99","13","1"
"SprKi","Spring Lake, King","Lake/Pond/Reservoir","Spring Lake, King","King","LAT/LONG","47.436578","-122.087990","99","1","99","13","1"
"StaGr","State Park, Grant","Lake/Pond/Reservoir","State Park, Grant","Grant","LAT/LONG","46.981380","-119.347031","99","1","99","13","1"
"StaPi","Stansberry Lake, Pierce","Lake/Pond/Reservoir","Stansberry Lake, Pierce","Pierce","LAT/LONG","47.387090","-122.727410","99","1","99","13","1"
"StCTh","Lake St. Clair, Thurston","Lake/Pond/Reservoir","Lake St. Clair, Thurston","Thurston","LAT/LONG","47.000256","-122.720034","99","1","99","13","1"
"SteKi","Steel Lake, King","Lake/Pond/Reservoir","Steel Lake, King","King","LAT/LONG","47.327524","-122.302892","99","1","99","13","1"
"StePi","Steilacoom Lake, Pierce","Lake/Pond/Reservoir","Steilacoom Lake, Pierce","Pierce","LAT/LONG","47.166454","-122.536126","99","1","99","13","1"
"SteSn","Lake Stevens, Snohomish","Lake/Pond/Reservoir","Lake Stevens, Snohomish","Snohomish","LAT/LONG","48.004380","-122.084707","99","1","99","13","1"
"StoSn","Storm Lake, Snohomish","Lake/Pond/Reservoir","Storm Lake, Snohomish","Snohomish","LAT/LONG","47.939376","-121.972625","99","1","99","13","1"
"SumTh","Summit Lake, Thurston","Lake/Pond/Reservoir","Summit Lake, Thurston","Thurston","LAT/LONG","47.056240","-123.104200","99","1","99","13","1"
"SunJe","Sunset Lake, Jefferson","Lake/Pond/Reservoir","Sunset Lake, Jefferson","Jefferson","LAT/LONG","47.999316","-122.831851","99","1","99","13","1"
"SunSn","Sunday Lake, Snohomish","Lake/Pond/Reservoir","Sunday Lake, Snohomish","Snohomish","LAT/LONG","48.229097","-122.257505","99","1","99","13","1"
"SutCl","Lake Sutherland, Clallam","Lake/Pond/Reservoir","Lake Sutherland, Clallam","Clallam","LAT/LONG","48.077812","-123.708708","99","1","99","13","1"
"SylGr","Sylvia Lake, Grays Harbor","Lake/Pond/Reservoir","Sylvia Lake, Grays Harbor","Grays Harbor","LAT/LONG","46.998902","-123.592107","99","1","99","13","1"
"TanPi","Tanwax Lake, Pierce","Lake/Pond/Reservoir","Tanwax Lake, Pierce","Pierce","LAT/LONG","46.950177","-122.266520","99","1","99","13","1"
"TapPi","Lake Tapps, Pierce","Lake/Pond/Reservoir","Lake Tapps, Pierce","Pierce","LAT/LONG","47.214800","-122.170200","99","1","99","13","1"
"TeaJe","Teal Lake, Jefferson","Lake/Pond/Reservoir","Teal Lake, Jefferson","Jefferson","LAT/LONG","47.893475","-122.673612","99","1","99","13","1"
"TemTh","Tempo Lake, Thurston","Lake/Pond/Reservoir","Tempo Lake, Thurston","Thurston","LAT/LONG","46.930370","-122.807083","99","1","99","13","1"
"TerJe","Teri Lake, Jefferson","Lake/Pond/Reservoir","Teri Lake, Jefferson","Jefferson","LAT/LONG","","","99","1","99","13","1"
"ToaWh","Toad Lake, Whatcom","Lake/Pond/Reservoir","Toad Lake, Whatcom","Whatcom","LAT/LONG","48.791320","-122.395347","99","1","99","13","1"
"TucKi","Tuck Lake, King","Lake/Pond/Reservoir","Tuck Lake, King","King","LAT/LONG","47.767851","-122.030096","99","1","99","13","1"
"TulPi","Tule Lake, Pierce","Lake/Pond/Reservoir","Tule Lake, Pierce","Pierce","LAT/LONG","47.138235","-122.455710","99","1","99","13","1"
"TwiPi","Twin Lake, Pierce","Lake/Pond/Reservoir","Twin Lake, Pierce","Pierce","LAT/LONG","46.965125","-122.251596","99","1","99","13","1"
"TyeSn","Tye Lake, Snohomish","Lake/Pond/Reservoir","Tye Lake, Snohomish","Snohomish","LAT/LONG","47.867710","-122.011400","99","1","99","13","1"
"UniKi","Lake Union, King","Lake/Pond/Reservoir","Lake Union, King","King","LAT/LONG","47.641686","-122.330325","99","1","99","13","1"
"UnkOk","Unknown, Okanogan","Lake/Pond/Reservoir","Unknown, Okanogan","Okanogan","LAT/LONG","","","99","1","99","13","1"
"UPS","UPS-stormwater pond","Lake/Pond/Reservoir","UPS-stormwater pond","","LAT/LONG","","","99","1","99","13","1"
"VanCl","Vancouver Lake, Clark","Lake/Pond/Reservoir","Vancouver Lake, Clark","Clark","LAT/LONG","45.679084","-122.720457","99","1","99","13","1"
"WalKi","Walker Lake, King","Lake/Pond/Reservoir","Walker Lake, King","King","LAT/LONG","47.264227","-121.908501","99","1","99","13","1"
"WalLe","Walupt Lake, Lewis","Lake/Pond/Reservoir","Walupt Lake, Lewis","Lewis","LAT/LONG","46.417022","-121.463170","99","1","99","13","1"
"WapPi","Wapato Lake, Pierce","Lake/Pond/Reservoir","Wapato Lake, Pierce","Pierce","LAT/LONG","47.195726","-122.456792","99","1","99","13","1"
"WarTh","Ward Lake, Thurston","Lake/Pond/Reservoir","Ward Lake, Thurston","Thurston","LAT/LONG","47.008767","-122.875442","99","1","99","13","1"
"WasKi","Lake Washington, King","Lake/Pond/Reservoir","Lake Washington, King","King","LAT/LONG","47.624448","-122.262373","99","1","99","13","1"
"WauPi","Waughop Lake, Pierce","Lake/Pond/Reservoir","Waughop Lake, Pierce","Pierce","LAT/LONG","47.170579","-122.564531","99","1","99","13","1"
"WAVKi","Waverly Park Beach, King","Lake/Pond/Reservoir","Waverly Park Beach, King","King","LAT/LONG","47.687066","-122.217240","99","1","99","13","1"
"WecSk","Wecoma Lake, Skamania","Lake/Pond/Reservoir","Wecoma Lake, Skamania","Skamania","LAT/LONG","45.666789","-121.913815","99","1","99","13","1"
"WhiPi","Lake Whitman, Pierce","Lake/Pond/Reservoir","Lake Whitman, Pierce","Pierce","LAT/LONG","46.962802","-122.257218","99","1","99","13","1"
"WilJe","Williams Pond, Jefferson","Lake/Pond/Reservoir","Williams Pond, Jefferson","Jefferson","LAT/LONG","47.934343","-122.736350","99","1","99","13","1"
"WilKi","Wildcat Lake, Kitsap","Lake/Pond/Reservoir","Wildcat Lake, Kitsap","Kitsap","LAT/LONG","47.599628","-122.767323","99","1","99","13","1"
"WilKi","Lake Wilderness , King","Lake/Pond/Reservoir","Lake Wilderness , King","King","LAT/LONG","47.374573","-122.035609","99","1","99","13","1"
"WisWh","Wiser Lake, Whatcom","Lake/Pond/Reservoir","Wiser Lake, Whatcom","Whatcom","LAT/LONG","48.904080","-122.480228","99","1","99","13","1"
"YakBe","Yakima Delta, Benton","Lake/Pond/Reservoir","Yakima Delta, Benton","Benton","LAT/LONG","46.238860","-119.228810","99","1","99","13","1"
